T√≠tulo,Canal,Data de publica√ß√£o,URL,Visualiza√ß√µes,Coment√°rios
O Iceberg da Calvoesfera,menino thomas,2024-04-15T03:05:16Z,https://www.youtube.com/watch?v=dK1ZOCCbEDI,185320,1055
o cabuloso 'iceberg da calvosfera' kkkkkkkkk,orochidois,2024-07-08T20:26:59Z,https://www.youtube.com/watch?v=J5Sallcc2yU,2028531,2391
"RENAN REAGINDO AO ICEBERG DA CALVOSFERA (PTS 1, 2 E 3)",Brabo Smith,2024-04-17T15:06:57Z,https://www.youtube.com/watch?v=rMz4hy5UYOU,980898,967
O ICEBERG DA CALVOESFERA,Raposito,2024-04-18T14:30:09Z,https://www.youtube.com/watch?v=UnEE5NIl2Ro,344299,992
O ICEBERG DA CALVOSFERA: PARTE 1,Renato IMPERA,2025-03-15T15:01:15Z,https://www.youtube.com/watch?v=xWkJmukWdLs,43746,422
O FINAL BIZARRO DO ICEBERG DA CALVOESFERA,Raposito,2024-04-21T14:30:15Z,https://www.youtube.com/watch?v=p_ItNgK29So,230523,464
ICEBERG DA CALVOESFERA pt3 (CAP√çTULO FINAL).,CAVAL√ÉO 2,2024-10-15T22:55:45Z,https://www.youtube.com/watch?v=ZstnycOGWJs,15337,50
ICEBERG DA CALVOSFERA: PARTE 2 (TRAUMAS),Sir Mulim,2024-04-15T21:00:08Z,https://www.youtube.com/watch?v=5syZ12fQFPw,145593,657
CAMOMILA REAGE AO ICEBERG DA CALVOSFERA (c4momil4),Lives da Camomila,2024-04-24T18:48:35Z,https://www.youtube.com/watch?v=1llnJFWlr1Q,95483,734
GOULARTE N√ÉO TANKOU O ICEBERG DA CALVOSFERA KKKKKKKKKKKKKKKKKK,Sir Mulim,2024-04-18T05:27:35Z,https://www.youtube.com/watch?v=fDmU0cv3YuA,24616,479
O ICEBERG DA CALVOSFERA: PARTE 2,Renato IMPERA,2025-03-15T19:00:44Z,https://www.youtube.com/watch?v=xUMKRl1z2SU,42277,429
Orochinho reagindo ao ICEBERG da CALVOSFERA - TODAS as PARTES,Podcasts Editados,2024-08-26T19:00:36Z,https://www.youtube.com/watch?v=wOlkB5Rmmg0,56740,47
Orochinho reagindo ao ICEBERG da CALVOSFERA parte 2,Sanjijito,2024-07-28T14:48:29Z,https://www.youtube.com/watch?v=d7V3so6U8OM,184495,101
OROCHINHO N√ÉO TANKOU ESSA PARTE DO ICEBERG DA CALVOSFERA KKKKKKKKKKKKKKKKKK,Gato √Årabe Clipes,2024-08-19T00:14:44Z,https://www.youtube.com/watch?v=H48JmzSJ0BE,17992,134
O Iceberg da Calvoesfera | Leozin React,Leozin React,2024-05-07T23:00:27Z,https://www.youtube.com/watch?v=vymzFlc2-Rs,20855,92
O ICEBERG DA CALVOESFERA | Salvatore React,Ricardo de Salvatore III,2024-05-04T21:48:55Z,https://www.youtube.com/watch?v=AV341q7Uzng,26753,226
O Iceberg da Calvoesfera,C√°tia Fl√°via LIVES,2024-05-12T21:00:23Z,https://www.youtube.com/watch?v=U6nHb4qfzh0,66599,560
O Iceberg da Calvoesfera | ALEXANDRE NA √ÅREA #react,Alexandre Na √Årea,2024-10-21T15:50:21Z,https://www.youtube.com/watch?v=Yw7ISm7al5U,24388,108
ICEBERG DA CALVOESFERA PARTE 2: Traumas | Leozin React,Ash,2024-12-02T23:28:21Z,https://www.youtube.com/watch?v=UIF5BShDmdg,6130,14
O iceberg da calvoesfera,Brenusu,2024-05-03T16:00:21Z,https://www.youtube.com/watch?v=Uv_t3GzJjJo,9637,20
ICEBERG DA CALVOESFERA pt3 (CAP√çTULO FINAL). | Leozin React,Leozin React,2024-05-25T21:00:12Z,https://www.youtube.com/watch?v=UyYIQtwh0uE,9317,87
O ICEBERG DA CALVOSFERA: PARTE 3,Renato IMPERA,2025-03-15T23:00:09Z,https://www.youtube.com/watch?v=ElQVViA-eLA,24253,329
ICEBERG DA CALVOESFERA,Canal do Coca,2025-05-08T22:52:43Z,https://www.youtube.com/watch?v=pCqCCul6inc,631,4
ICEBERG DA CALVOESFERA (Completo),StGuten,2024-04-16T04:27:58Z,https://www.youtube.com/watch?v=zx1165ZAxPc,134,1
react iceberg da calvoesfera,React Esquisitao,2024-04-25T01:48:37Z,https://www.youtube.com/watch?v=k-neuScEN-w,7164,32
ICEBERG DA CALVOESFERA pt3 (CAP√çTULO FINAL). | ALEXANDRE NA √ÅREA #react,Alexandre Na √Årea,2024-11-25T14:50:00Z,https://www.youtube.com/watch?v=7FGfFNZLsqQ,12803,83
Orochinho reagindo ao ICEBERG da CALVOSFERA parte 3,Sanjijito,2024-08-24T21:06:52Z,https://www.youtube.com/watch?v=i1C0LOD_AbY,34318,151
O ICEBERG DA CALVOESFERA (Parte Final),vaNNe,2024-09-17T03:20:04Z,https://www.youtube.com/watch?v=tcfvGlEtQew,585,12
O Iceberg da Calvoesfera,Laura Sampaio,2024-07-19T00:09:42Z,https://www.youtube.com/watch?v=5Bk5VRwBfqo,11087,113
(ESSE FOI O VIDEO MAIS PESADO DO CANAL üò≠) ICEBERG DA CALVOSFERA: PARTE 2 (TRAUMAS)REACT,Laura Sampaio,2024-10-18T22:46:12Z,https://www.youtube.com/watch?v=ORD0OAlfs1o,7544,64
"REACT DO ICEBERG DA CALVOESFERA EP 1, 2 E 3 SEM A SENSA√áAO COM PIPOCA, GRATID√ÉO A TDS PELO TRABALHO.",Diego Sheipado,2024-04-18T01:13:59Z,https://www.youtube.com/watch?v=iMVxIHzDqwA,20013,83
ENIZEI ASSISTINDO O ICEBERG DA CALVOESFERA,vilmetal25,2025-01-11T02:30:12Z,https://www.youtube.com/watch?v=38qTq_3lG2g,17,0
REACT ICEBERG DA CALVOESFERA pt3 (CAP√çTULO FINAL).,Casalzinho,2024-04-20T22:15:01Z,https://www.youtube.com/watch?v=oU-nmCvof9U,13591,60
"""ICEBERG DA CALVOESFERA DO LEAGUE OF LEGENDS"" kkkkkkkk",CATIMBA,2025-05-01T13:32:35Z,https://www.youtube.com/watch?v=uwCmbPxChe8,13,8
REAGINDO a O ICEBERG DA CALVOESFERA | MENINO THOMAS | Johnny Reacts,Johnny Reacts,2024-12-24T22:40:00Z,https://www.youtube.com/watch?v=w7T9LxCcTbI,2002,41
Assistindo o iceberg da Calvoesfera,uiuiTenhoMedo,2024-07-28T02:27:57Z,https://www.youtube.com/watch?v=Ibff-RugIA8,76,1
CALVOESFERA: OS STREAMERS MAIS T√ìXICOS DO BRASIL! | O Iceberg da Calvoesfera pt.1,Himeverso,2024-10-08T20:32:00Z,https://www.youtube.com/watch?v=ePfZE9tBWnc,5188,71
O ICEBERG DA CALVOSFERA,vaNNe,2024-08-28T22:00:03Z,https://www.youtube.com/watch?v=53IBD_yog1A,1368,38
Iceberg da calvoesfera parte 3 (Final),Brenusu,2024-07-19T15:00:09Z,https://www.youtube.com/watch?v=75mdtX5b8nY,3944,19
REACT! O Iceberg da Calvoesfera - LEITE NATURAL DO SACO KKKKK,Will e Bea,2024-09-04T16:15:02Z,https://www.youtube.com/watch?v=LvxT8FuX0Dw,2854,25
ICEBERG DA CALVOSFERA: PARTE 2 (TRAUMAS) | ALEXANDRE NA √ÅREA #react,Alexandre Na √Årea,2024-10-29T14:50:00Z,https://www.youtube.com/watch?v=sg97NxjNft8,25292,145
CONHECENDO A CALVO ESFERA! ICEBERG DA CALVOSFERA: PARTE 2 (TRAUMAS) React Em Casal.,Will e Bea,2025-04-01T22:00:30Z,https://www.youtube.com/watch?v=GitkmfMN92I,565,9
"REACT DO ICEBERG DA CALVOESFERA PART 3 E 2, CAMA CASAL PRO RENAN CHEGOUU",Diego Sheipado,2024-04-16T19:36:08Z,https://www.youtube.com/watch?v=6MUCIJm-1h0,4495,22
REAGINDO ICEBERG DA CALVOESFERA,LeoHHK,2024-08-21T01:49:53Z,https://www.youtube.com/watch?v=B_1RfOWlUTA,86,0
Totty Reage a O Iceberg da Calvoesfera. (@meninothomass),Totty-_-,2024-10-25T15:00:02Z,https://www.youtube.com/watch?v=aXxda3u87Ek,245,0
REACT iceberg da Calvoesfera Part2,Lucas leonardo silva 16,2025-02-28T11:49:48Z,https://www.youtube.com/watch?v=mXOwcmTdDhQ,11,0
üî¥REAGINDO AO ICEBERG DA CALVOESFERA PT1 + CASTELVANIA,VICTOR CARECA,2024-04-15T19:11:07Z,https://www.youtube.com/watch?v=eDgL-loJPcQ,876,3
REACT: Iceberg da Calvoesfera (N√£o Tankei),Catchulo,2024-07-09T20:30:02Z,https://www.youtube.com/watch?v=XTLEpePbrR8,699,10
Iceberg da calvosfera parte 2,Brenusu,2024-05-18T15:00:07Z,https://www.youtube.com/watch?v=poD5A2evF-E,11954,26
react iceberg da calvoesfera parte 3,React Esquisitao,2024-04-27T19:11:27Z,https://www.youtube.com/watch?v=gBRUbFRTIMU,4580,32
üî¥REAGINDO AO ICEBERG DA CALVOESFERA PT2,VICTOR CARECA,2024-04-18T08:00:19Z,https://www.youtube.com/watch?v=Iq7RvS6sCyU,639,7
ICEBERG DA CALVOESFERA (J√Å FUI RECRUTADO?) |#calvosfera #renanplay #luangameplay #react,MERCENARIO,2024-12-21T03:59:27Z,https://www.youtube.com/watch?v=It-VATVgppY,90,2
Entendendo o Iceberg da CALVOSFERA (ou algo assim),AAAlessio,2024-12-04T17:00:46Z,https://www.youtube.com/watch?v=hdDDFQUUU5Y,180,3
Entendendo o Iceberg da CALVOSFERA (ou algo assim),AAAlessio,2024-12-04T17:00:46Z,https://www.youtube.com/watch?v=hdDDFQUUU5Y,180,3
üî¥REAGINDO AO ICEBERG DA CALVOESFERA PT3 FIMAL,VICTOR CARECA,2024-04-19T08:49:58Z,https://www.youtube.com/watch?v=ACA6jQO7ZHw,202,1
ATAC REAGINDO AO ICEBERG DA CALVOSFERA (Pt3 FINAL)!!!,Cortes Do ATAC [OFICIAL],2024-04-29T14:55:00Z,https://www.youtube.com/watch?v=oFt2dTctnYk,120,6
O ICEBERG DA CALVOSFERA (Parte 2),vaNNe,2024-09-12T16:00:33Z,https://www.youtube.com/watch?v=TXpS0LElL58,1217,38
ATAC REAGINDO AO ICEBERG DA CALVOSFERA PARTE 2  TRAUMAS,Cortes Do ATAC [OFICIAL],2024-04-27T18:11:52Z,https://www.youtube.com/watch?v=E7kdy3LolpY,297,4
OROCHINHO (TIO OROCHI) DESCOBRE QUE O RECRIANDO GAMES M0RR3U NO ICEBERG DA CALVOSFERA,Sir Mulim II,2024-07-11T22:35:07Z,https://www.youtube.com/watch?v=C4BWATkyS_s,23819,250
